beta,gammaE,alpha,gamma,gamma2,gamma3,a1,a2,a3,eta,h,Hiding_init,c1,I_initial,metric1,metric2,r1,r2,reopen
28.247568184073643,0.23497437298512588,0.1,0.19997218054438504,0.1832402927489304,0.17201078724497407,0.5,0.02344886977938829,0.07397698718590168,0.030626517305086434,0.03333333333333333,0.5360869159633664,0.8200000000000001,0.00023495835849979393,0.019141324817997574,0.03211726145468634,0.9977320213204584,0.9969816163264511,2021-03-25
