beta,gammaE,alpha,gamma,gamma2,gamma3,a1,a2,a3,eta,h,Hiding_init,c1,I_initial,metric1,metric2,r1,r2,reopen
0.9978625391543569,0.3,0.8646347102644489,0.18957513381647098,0.19073425377560438,0.19327363271480383,0.2565150079788278,0.010542764451984123,0.08085626453500813,0.9464401585300052,0.03333333333333333,0.6547637124904004,0.8500000000000001,0.0006992268617712947,0.007774774632471489,0.022383811633658327,0.9996447575300066,0.9985328386197031,2021-03-27
