beta,gammaE,alpha,gamma,gamma2,gamma3,a1,a2,a3,eta,h,Hiding_init,c1,I_initial,metric1,metric2,r1,r2,reopen
0.42398926532875325,0.20111286133020764,0.5183164394683688,0.04000087658699886,0.04,0.04000110366034825,0.03930624365774763,0.0012330202222070878,0.03233269667854974,0.5915361995433233,0.07142857142857142,0.1,0.81,0.00016371244044007034,0.012056411817763277,0.010385089904047526,0.9969612190153471,0.991791191889332,2021-03-21
