beta,gammaE,alpha,gamma,gamma2,gamma3,a1,a2,a3,eta,h,Hiding_init,c1,I_initial,metric1,metric2,r1,r2,reopen
1.0151022545057165,0.29709045928489564,0.8989214566299253,0.04000335103212031,0.04007888131138827,0.06377621463907979,0.389100595280737,0.024818424792030145,0.04429425906579043,0.39773124892540923,0.05401883431801561,0.8219971813597607,0.8200000000000001,0.0019015887460642664,0.009779087064113508,0.010281908025615075,0.9994178046707942,0.9994528656272823,2021-03-19
