beta,gammaE,alpha,gamma,gamma2,gamma3,a1,a2,a3,eta,h,Hiding_init,c1,I_initial,metric1,metric2,r1,r2,reopen
2.0677290903476977,0.20590258061783911,0.8794965469822894,0.042160578659780706,0.19985218411243436,0.04,0.49982393906718264,0.005557094903352509,0.063334517652976,0.19190553740252256,0.07142857142857142,0.8946314443878604,0.8900000000000001,0.004172550690885778,0.0023068688493896147,0.0015540829708100056,0.9999067164765374,0.9994875229959536,2021-03-24
