beta,gammaE,alpha,gamma,gamma2,gamma3,a1,a2,a3,eta,h,Hiding_init,c1,I_initial,metric1,metric2,r1,r2,reopen
4.198649522017213,0.21521128027923855,0.8597744456164048,0.0703802968812806,0.13605677891287427,0.2,0.4497137268063911,0.024789080941062136,0.14593229554469056,0.229665882863459,0.03333333333333333,0.6494671318232063,0.8200000000000001,0.0006225735244188644,0.017502434359493935,0.01548187891118849,0.998747357926783,0.9990494461311005,2021-03-28
