beta,gammaE,alpha,gamma,gamma2,gamma3,a1,a2,a3,eta,h,Hiding_init,c1,I_initial,metric1,metric2,r1,r2,reopen
19.269888818538682,0.260426367700493,0.1,0.13641066725299505,0.1576897831810554,0.2,0.4170292263870189,0.016001901630897514,0.07423826755939654,0.04649207495771349,0.03333333333333333,0.53518264289302,0.8,0.0003859121237196591,0.014977348336133886,0.013018349207733971,0.9989698408766685,0.9989570032347002,2021-03-28
