beta,gammaE,alpha,gamma,gamma2,gamma3,a1,a2,a3,eta,h,Hiding_init,c1,I_initial,metric1,metric2,r1,r2,reopen
0.6859201755879965,0.20111411832436588,0.498320937955379,0.08695184599364723,0.1933390429773775,0.04862774598820364,0.024719736088868294,0.0021943894628306242,0.12770012648365053,0.41149542665020383,0.07074045344358622,0.48409454994187145,0.9300000000000002,0.00024615385238146325,0.0031915618243664938,0.010540540177339842,0.9998596684861558,0.9930917274662417,2021-03-16
