beta,gammaE,alpha,gamma,gamma2,gamma3,a1,a2,a3,eta,h,Hiding_init,c1,I_initial,metric1,metric2,r1,r2,reopen
70.47623644468551,0.2256956238531612,0.30467052891250873,0.14453327238862343,0.2,0.05514927422111479,0.4999635037417182,0.007534255643334848,0.04461911294365287,0.024963915408553885,0.03333333333333333,0.8267496005657629,0.9600000000000002,0.0023515719997916737,0.0043601303871618055,0.010449894672076646,0.9997048000408179,0.9984686329947234,2021-03-17
