beta,gammaE,alpha,gamma,gamma2,gamma3,a1,a2,a3,eta,h,Hiding_init,c1,I_initial,metric1,metric2,r1,r2,reopen
3.3383352790301544,0.2000207861006338,0.21652550456217554,0.07341964607695746,0.19212315474580322,0.07192845546890689,0.48751222573569375,0.01608728409011543,0.02993142514182119,0.14491755609762164,0.033389301754035976,0.5686846267099664,0.9300000000000002,4.9237655938605504e-05,0.001844015033893615,0.006297010615566752,0.9994754427069124,0.9781757320997717,2021-03-15
