beta,gammaE,alpha,gamma,gamma2,gamma3,a1,a2,a3,eta,h,Hiding_init,c1,I_initial,metric1,metric2,r1,r2,reopen
2.4494534800364702,0.24543887163537298,0.8675038164429376,0.04001305371100184,0.04,0.049065378118711096,0.46062788779034597,0.006406363989586318,0.16617736062296787,0.1362455102536773,0.07123140646781502,0.9,0.8900000000000001,0.0070741515237424425,0.007159724010150122,0.04466139395116463,0.9992528203138171,0.9865581382850385,2021-03-23
