beta,gammaE,alpha,gamma,gamma2,gamma3,a1,a2,a3,eta,h,Hiding_init,c1,I_initial,metric1,metric2,r1,r2,reopen
4.617493839473265,0.26323889014167356,0.8847037131211959,0.05416328306247337,0.06552991915895516,0.15573182614488706,0.35198522848144886,0.009717623897069864,0.042374350522862224,0.26027190879651063,0.03333333333333333,0.6922681580548625,0.8900000000000001,0.0001288140386738046,0.006099383679331938,0.01349755965997013,0.9997116369313953,0.9989553206694752,2021-03-28
