beta,gammaE,alpha,gamma,gamma2,gamma3,a1,a2,a3,eta,h,Hiding_init,c1,I_initial,metric1,metric2,r1,r2,reopen
1.3490464949381296,0.25045215273266275,0.8999706390679243,0.08910752213161201,0.1834741650055017,0.2,0.4867419748733624,0.022405463259906576,0.06343753281134218,0.5475448885727263,0.06164355456051945,0.5483729924620052,0.8500000000000001,0.0004981332906050673,0.008232209544483131,0.010343981612369345,0.9996861677095679,0.9997494498165633,2021-03-18
