beta,gammaE,alpha,gamma,gamma2,gamma3,a1,a2,a3,eta,h,Hiding_init,c1,I_initial,metric1,metric2,r1,r2,reopen
16.82527295765361,0.2253932184647155,0.7659069752675833,0.040120665985299196,0.04,0.19999978746811325,0.01,0.0034822697231714416,0.11126979100852873,0.049509067077032155,0.033640001170933076,0.6280710219227561,0.9100000000000001,0.00011787677177813591,0.004014234025402016,0.015766607614598506,0.9990592436508183,0.9937117704567128,2021-03-18
