beta,gammaE,alpha,gamma,gamma2,gamma3,a1,a2,a3,eta,h,Hiding_init,c1,I_initial,metric1,metric2,r1,r2,reopen
3.743427595403849,0.2012458473370882,0.7504018033968822,0.048757228935601526,0.19592355851556678,0.1521225204217683,0.49910020439545844,0.01370568787493471,0.08047132581452764,0.14968035073514638,0.03984292442775865,0.47311526091859213,0.8,0.0001519628151241174,0.002445587803812179,0.005356407936938368,0.9998984868214656,0.9988925887878489,2021-03-22
