beta,gammaE,alpha,gamma,gamma2,gamma3,a1,a2,a3,eta,h,Hiding_init,c1,I_initial,metric1,metric2,r1,r2,reopen
10.990457025460923,0.3,0.35979014730796693,0.17716736339541223,0.14636598462983924,0.18787922093282908,0.23376224206928015,0.00582759138620441,0.01565220357475511,0.0589104995013478,0.03547408157045235,0.49303785025243696,0.8,0.0005828412656431919,0.00605421359995115,0.010144910296175157,0.9996885014138895,0.9985991817472043,2021-03-21
