beta,gammaE,alpha,gamma,gamma2,gamma3,a1,a2,a3,eta,h,Hiding_init,c1,I_initial,metric1,metric2,r1,r2,reopen
7.184463599687585,0.23143915969875145,0.8976452347684575,0.2,0.2,0.2,0.5,0.010492600552376255,0.1988341308163146,0.13513075116101683,0.03333333333333333,0.6061931720569903,0.8,0.0006463479614322504,0.00857100201922781,0.020079201899753586,0.9996187665157624,0.9964837187723103,2021-03-21
