beta,gammaE,alpha,gamma,gamma2,gamma3,a1,a2,a3,eta,h,Hiding_init,c1,I_initial,metric1,metric2,r1,r2,reopen
8.380569470802357,0.3,0.10002335460618235,0.04750089249168462,0.1748038515994865,0.15761241813749885,0.07505973987938876,0.004985784333309247,0.08809040131919481,0.1069654694914763,0.033377581805520126,0.49466428768317267,0.8900000000000001,0.000262912316255848,0.00780079221846716,0.02979262374041653,0.9996398608905805,0.9926762989753083,2021-03-25
