beta,gammaE,alpha,gamma,gamma2,gamma3,a1,a2,a3,eta,h,Hiding_init,c1,I_initial,metric1,metric2,r1,r2,reopen
4.382987367714489,0.20163431158865266,0.837137677427285,0.04102978340226395,0.08560930171249259,0.10099467782309751,0.476113508627574,0.012320695103023608,0.08790216752257776,0.10470434989678402,0.059037856979882584,0.7728834400890066,0.81,0.0028307049100225147,0.0046059159422336985,0.003535571734469753,0.9997982260902499,0.9995251615198837,2021-03-17
