beta,gammaE,alpha,gamma,gamma2,gamma3,a1,a2,a3,eta,h,Hiding_init,c1,I_initial,metric1,metric2,r1,r2,reopen
1.422410329410975,0.20218257147289312,0.15925479997072872,0.11524228052311826,0.18678603471813163,0.16327244251075282,0.08120428335088455,0.001221067887385803,0.02742111748421805,0.3900027910730746,0.041288115232177104,0.45252877835503796,0.9200000000000002,0.0005977527549366533,0.2539208345246478,0.6022084758796317,0.994824575837386,0.9444577794201316,2021-03-16
