beta,gammaE,alpha,gamma,gamma2,gamma3,a1,a2,a3,eta,h,Hiding_init,c1,I_initial,metric1,metric2,r1,r2,reopen
2.2845912495579346,0.20737913045627038,0.8998036818798082,0.04117404452909795,0.0598758357835418,0.04,0.44947742135850033,0.021371231207306832,0.15212426926682057,0.17306906812872985,0.06311707649705535,0.8964831072247655,0.9100000000000001,0.0004231915126594988,0.0024030548835260027,0.009312569456268193,0.9997501862459902,0.9988487546720868,2021-03-17
