beta,gammaE,alpha,gamma,gamma2,gamma3,a1,a2,a3,eta,h,Hiding_init,c1,I_initial,metric1,metric2,r1,r2,reopen
11.94371970923462,0.20894980011080092,0.10000748736316724,0.1995242838419132,0.15806864139918442,0.05209883834508147,0.2569402253117122,0.009469682077982388,0.15628067343329016,0.1163148766157222,0.03333333333333333,0.7171741147004554,0.8200000000000001,0.0015031875430487572,0.00885368542234028,0.014145169190204743,0.9995870406053267,0.9993265759776891,2021-03-26
