beta,gammaE,alpha,gamma,gamma2,gamma3,a1,a2,a3,eta,h,Hiding_init,c1,I_initial,metric1,metric2,r1,r2,reopen
3.0095263553903036,0.23328532845454425,0.8999999740681679,0.04075690410242521,0.04034225125459865,0.04000025054768439,0.010000000000440582,0.0020349953864112536,0.0397717940491462,0.15200932240540804,0.07142857142857142,0.7012822521061783,0.9100000000000001,1.4135575101040104e-05,0.004243126874819875,0.023812796561807677,0.9981675714075579,0.970934034387509,2021-03-24
