beta,gammaE,alpha,gamma,gamma2,gamma3,a1,a2,a3,eta,h,Hiding_init,c1,I_initial,metric1,metric2,r1,r2,reopen
15.959874944775303,0.22896222761451054,0.518576889690716,0.05399135595176246,0.2,0.05626638171010033,0.5,0.001,0.06320685795232725,0.040356926828757946,0.07142857142857142,0.7034441943595366,0.8800000000000001,0.0007082137458922406,0.04916674366060461,0.16610110647343218,0.9849348651160876,0.7663541956125298,2021-03-15
