beta,gammaE,alpha,gamma,gamma2,gamma3,a1,a2,a3,eta,h,Hiding_init,c1,I_initial,metric1,metric2,r1,r2,reopen
2.924849626924301,0.26117770663627016,0.8682863685676033,0.040000049535878046,0.09397143799325657,0.15434699155481033,0.4591141032622247,0.03983375952845774,0.11071030996493897,0.29525175972671036,0.03333333333333333,0.6395726100080731,0.8600000000000001,9.126328373454546e-05,0.008735065912207289,0.020784860268171692,0.9996498523549061,0.9989735712198733,2021-03-28
