beta,gammaE,alpha,gamma,gamma2,gamma3,a1,a2,a3,eta,h,Hiding_init,c1,I_initial,metric1,metric2,r1,r2,reopen
8.234374047957102,0.20197978738818498,0.33835838908021754,0.15876144088816851,0.19983061250557022,0.18443220035842156,0.29652487392858706,0.0136937989386456,0.04214533025558669,0.24477928653317174,0.03333333333333333,0.7331027206493614,0.9400000000000002,0.0004079083221195685,0.010945769934283698,0.019292791137956723,0.9990259662802771,0.9977295459594577,2021-03-26
