beta,gammaE,alpha,gamma,gamma2,gamma3,a1,a2,a3,eta,h,Hiding_init,c1,I_initial,metric1,metric2,r1,r2,reopen
21.499566617915626,0.20009678109843962,0.6958562299830828,0.04070198345034129,0.06606990884908756,0.18374414699867997,0.11641029263190637,0.017979844984471364,0.060506021155607236,0.03299408523719975,0.03698091714150716,0.726991273794907,0.8400000000000001,0.0007935318531136959,0.00456249791904802,0.035807694975419926,0.999569798512019,0.9963367179059978,2021-03-25
