beta,gammaE,alpha,gamma,gamma2,gamma3,a1,a2,a3,eta,h,Hiding_init,c1,I_initial,metric1,metric2,r1,r2,reopen
7.407887126016944,0.299998636626973,0.8999235676714277,0.2,0.09036432329897606,0.10053259415653108,0.4686115687628622,0.013765442002781235,0.06928322243863752,0.11275140398374377,0.03782078430680131,0.6986810113011753,0.9000000000000001,0.00014103045299525448,0.006813499642026398,0.028328088929590965,0.9996892063209423,0.9980117285738026,2021-03-24
