beta,gammaE,alpha,gamma,gamma2,gamma3,a1,a2,a3,eta,h,Hiding_init,c1,I_initial,metric1,metric2,r1,r2,reopen
2.4981658643467175,0.2000006787020753,0.10000009062147007,0.19999976560590443,0.19999956972677255,0.1999999559563171,0.10423438358710206,0.003922029487156545,0.1531282293484271,0.3368030363853113,0.03459796478498253,0.39328936558285676,0.8900000000000001,0.0001685313801584953,0.006556477513031776,0.017200003914144554,0.9996400741744025,0.9973001410875305,2021-03-20
