beta,gammaE,alpha,gamma,gamma2,gamma3,a1,a2,a3,eta,h,Hiding_init,c1,I_initial,metric1,metric2,r1,r2,reopen
5.350301035753395,0.28769691321805835,0.9,0.15505814631682127,0.11825076205308828,0.2,0.1917825946739471,0.002862655842322737,0.014920752474898099,0.13954449323460544,0.03346484716129584,0.5307646996376219,0.8200000000000001,0.00044104145182929277,0.004922786814186101,0.011482731608974802,0.999854488883966,0.9980424562228859,2021-03-19
