beta,gammaE,alpha,gamma,gamma2,gamma3,a1,a2,a3,eta,h,Hiding_init,c1,I_initial,metric1,metric2,r1,r2,reopen
6.425151720073559,0.2000013476652608,0.10005669750480671,0.1101539989329821,0.10600847926373932,0.1992380247148942,0.049410730592191414,0.0019187850500131606,0.15926022479414234,0.08164303987115962,0.03446362252298159,0.3942077010519485,0.8300000000000001,0.00028698301285587743,0.0070929199197457445,0.00890220795526675,0.9996206116453842,0.9988766335022022,2021-03-22
