COUNTY,POP,AREA,DENS
IL-Cook,5150233,1634.89,3150.201543
school,200000,1634.89,3150.201543