beta,gammaE,alpha,gamma,gamma2,gamma3,a1,a2,a3,eta,h,Hiding_init,c1,I_initial,metric1,metric2,r1,r2,reopen
0.747902963906443,0.20034973968387434,0.8999996232004432,0.04150319267902705,0.1973530005003483,0.04,0.010150897824705072,0.0015995634467959952,0.09124670106752454,0.3216666054816457,0.07142857142857142,0.8995146889326309,0.8800000000000001,0.005137225229959948,0.012816208929730219,0.06332659190677696,0.9990755114500739,0.9901814963430745,2021-03-20
