beta,gammaE,alpha,gamma,gamma2,gamma3,a1,a2,a3,eta,h,Hiding_init,c1,I_initial,metric1,metric2,r1,r2,reopen
0.38736609585529186,0.2000330231488268,0.8744682402244904,0.0959895090799858,0.13751422198449964,0.04,0.4982711976636738,0.005691620219798223,0.0986731215226428,0.8231039671088062,0.04246760061544112,0.9,0.9800000000000002,0.0013570923714656246,0.010216280221721639,0.053431481150634445,0.9992136637514122,0.9904116441693375,2021-03-19
