beta,gammaE,alpha,gamma,gamma2,gamma3,a1,a2,a3,eta,h,Hiding_init,c1,I_initial,metric1,metric2,r1,r2,reopen
3.5595124607686426,0.2743923986585711,0.7733750511872604,0.17302857313000047,0.19998846564548756,0.04,0.49999999628638764,0.007083071286515269,0.17738654281896146,0.10093918920940834,0.05602246803527621,0.6333226671791163,0.8700000000000001,2.5342821879910505e-05,0.008082299483831844,0.03264631124227859,0.9981982395696188,0.9877233762672656,2021-03-19
