beta,gammaE,alpha,gamma,gamma2,gamma3,a1,a2,a3,eta,h,Hiding_init,c1,I_initial,metric1,metric2,r1,r2,reopen
13.409361905061282,0.20000209144457148,0.10000137282540746,0.19999994516985597,0.17167758703271999,0.06320285343013107,0.4968934486599143,0.004697109988278111,0.010731869086316358,0.055521839887560716,0.06415019874764175,0.5098421730742003,0.8200000000000001,0.00023714771680519685,0.0022381153798782926,0.0033735362508542787,0.9998878309537994,0.9993951402889589,2021-03-18
