beta,gammaE,alpha,gamma,gamma2,gamma3,a1,a2,a3,eta,h,Hiding_init,c1,I_initial,metric1,metric2,r1,r2,reopen
10.159275247805237,0.20031749978243396,0.6209107896962739,0.0418492056241697,0.17982032343988857,0.1753997352718692,0.3456218513472564,0.01766904375809438,0.09156220378291206,0.05359289010211805,0.04343274032964871,0.6954462644522973,0.8,0.0005682532295858539,0.003394688350572632,0.005691201690584689,0.9992786995370669,0.9940243383284875,2021-03-15
