beta,gammaE,alpha,gamma,gamma2,gamma3,a1,a2,a3,eta,h,Hiding_init,c1,I_initial,metric1,metric2,r1,r2,reopen
4.562294696789175,0.249026964180357,0.10000001335978627,0.16814973020753468,0.11913541069176148,0.1148077026310187,0.2374783801058895,0.01210235002436636,0.04525651475844183,0.12153284594591884,0.07142578727503052,0.5717419240666097,0.9300000000000002,0.00014200890268410468,0.012236550579634785,0.04993682255933753,0.9984127116288807,0.9898472247763015,2021-03-17
