beta,gammaE,alpha,gamma,gamma2,gamma3,a1,a2,a3,eta,h,Hiding_init,c1,I_initial,metric1,metric2,r1,r2,reopen
24.047838034681327,0.20000633744890853,0.8982930055506227,0.17839655603087973,0.19999882777193365,0.17200471303748605,0.12335579337407034,0.0030447100272066496,0.05329848651004138,0.07057283584024249,0.03333333333333333,0.7434007718925661,0.8800000000000001,4.335805387703455e-05,0.005753260314277889,0.010536525504922921,0.9998141164363589,0.9991885216188289,2021-03-22
