beta,gammaE,alpha,gamma,gamma2,gamma3,a1,a2,a3,eta,h,Hiding_init,c1,I_initial,metric1,metric2,r1,r2,reopen
0.7322302102867849,0.29881338107263544,0.8039065756684659,0.04026636086015864,0.04033770799850125,0.1510117269605399,0.03454806243400485,0.001477202518193907,0.17419380754552932,0.45044099789976694,0.07142035895380715,0.2558413752198486,0.8,0.0013908245892857401,0.004048230058611858,0.007628144701274534,0.9998938830909913,0.9990980797876308,2021-03-15
