beta,gammaE,alpha,gamma,gamma2,gamma3,a1,a2,a3,eta,h,Hiding_init,c1,I_initial,metric1,metric2,r1,r2,reopen
7.070774236378992,0.20006415995225343,0.7587657577731753,0.06371627661674312,0.19635774785328292,0.1999954837517349,0.46377385565882834,0.06201327519382846,0.055349610731788665,0.11557501794086246,0.0339128576810867,0.7700355025327881,0.9100000000000001,0.000803658971616174,0.0030723796419815106,0.01086491587703282,0.9992111033907269,0.9959473291144458,2021-03-19
