beta,gammaE,alpha,gamma,gamma2,gamma3,a1,a2,a3,eta,h,Hiding_init,c1,I_initial,metric1,metric2,r1,r2,reopen
2.0869795151298547,0.3,0.5849335640287601,0.10265779017195528,0.04,0.1999431672504256,0.28385809539210244,0.001672631691718599,0.1368338880216001,0.2662473152358408,0.033448438922843625,0.6636722134553752,0.9200000000000002,0.0027553308979802603,0.26600839297696405,0.5756589538767907,0.9878663113595301,0.9199389740303753,2021-03-15
