beta,gammaE,alpha,gamma,gamma2,gamma3,a1,a2,a3,eta,h,Hiding_init,c1,I_initial,metric1,metric2,r1,r2,reopen
5.28826276931389,0.20178631336517003,0.20407089022151184,0.040202445906202804,0.16382693282577504,0.19546275094810017,0.3631535598813594,0.031027761992019044,0.025456478659818833,0.14015181042849253,0.03333333333333333,0.5462764248467203,0.81,0.00042486088372844014,0.009963283185811762,0.01576573497345601,0.9994369184393845,0.9984455762512547,2021-03-28
