beta,gammaE,alpha,gamma,gamma2,gamma3,a1,a2,a3,eta,h,Hiding_init,c1,I_initial,metric1,metric2,r1,r2,reopen
20.08804741455625,0.2,0.8743237801830311,0.04005528488949342,0.19999995703239382,0.1048859049580176,0.49995717417729796,0.022232270248923398,0.07386963757796582,0.04547790234732897,0.03712236699171777,0.8957236942905937,0.8400000000000001,0.006146562632559807,0.004550660119635234,0.01593503862658922,0.9998372377262332,0.997660827825195,2021-03-16
