beta,gammaE,alpha,gamma,gamma2,gamma3,a1,a2,a3,eta,h,Hiding_init,c1,I_initial,metric1,metric2,r1,r2,reopen
0.34143554432234435,0.26664936819244445,0.8630583746800462,0.07489323539197576,0.07047724367769856,0.04,0.4634936615304771,0.01720547432196269,0.04277507347680889,0.9493364407514928,0.07142857142857142,0.738882826771631,0.9700000000000002,0.00020697320654410926,0.0072292338618961385,0.021945750595438376,0.9992214502989182,0.9884477207534528,2021-03-28
