beta,gammaE,alpha,gamma,gamma2,gamma3,a1,a2,a3,eta,h,Hiding_init,c1,I_initial,metric1,metric2,r1,r2,reopen
15.502649808329627,0.2,0.39317009908240014,0.04000075894889878,0.05016816171861484,0.19989162766032448,0.45077874928317435,0.012736991511948372,0.09268089913240365,0.0733754429321125,0.03333333333333333,0.6231439389254355,0.81,0.0005097670548630857,0.011561304130145248,0.027044228439337254,0.9991753687084007,0.995245481808349,2021-03-28
