beta,gammaE,alpha,gamma,gamma2,gamma3,a1,a2,a3,eta,h,Hiding_init,c1,I_initial,metric1,metric2,r1,r2,reopen
3.204804687694756,0.2855050937628885,0.8973952681531544,0.2,0.2,0.18422395445621018,0.49883130273775206,0.01088317858720268,0.13472882378269588,0.228065935669266,0.033425789180975767,0.5445356440738094,0.8800000000000001,0.0004243963532212433,0.006456825067158866,0.02468706928573886,0.999810229292566,0.9929656219357932,2021-03-19
