beta,gammaE,alpha,gamma,gamma2,gamma3,a1,a2,a3,eta,h,Hiding_init,c1,I_initial,metric1,metric2,r1,r2,reopen
0.9087508886236437,0.2953649585853431,0.8664827265872543,0.04,0.04,0.05316126115748447,0.49994328287110046,0.0032202405443050425,0.010819430511860422,0.5519799033089946,0.03333333333333333,0.7851774893354508,0.8500000000000001,0.04053471821531797,0.003991344643377545,0.0173987853588342,0.9997966913677082,0.9886856017911564,2021-03-24
