beta,gammaE,alpha,gamma,gamma2,gamma3,a1,a2,a3,eta,h,Hiding_init,c1,I_initial,metric1,metric2,r1,r2,reopen
1.2661887913480878,0.3,0.7447303714432061,0.04,0.09133221059034526,0.1508084304448126,0.06539500662172998,0.001,0.05778289219034791,0.5349521059452826,0.03379098875442914,0.7005487970267107,0.9100000000000001,0.012536522607580943,0.003948887147299295,0.016558335574738153,0.9998866199852351,0.9945585776011604,2021-03-17
