beta,gammaE,alpha,gamma,gamma2,gamma3,a1,a2,a3,eta,h,Hiding_init,c1,I_initial,metric1,metric2,r1,r2,reopen
20.928027074663337,0.2,0.8965712447768492,0.04562093396112027,0.04647336781517799,0.04013675948775524,0.4936236872962021,0.012382182954608195,0.05183870397158841,0.055605183914199566,0.03333333333333333,0.9,0.8700000000000001,0.0010008013756487642,0.005546434269155723,0.010918846641604706,0.9997518222172597,0.9991437441994129,2021-03-20
