beta,gammaE,alpha,gamma,gamma2,gamma3,a1,a2,a3,eta,h,Hiding_init,c1,I_initial,metric1,metric2,r1,r2,reopen
7.4071711052815115,0.2168379647823422,0.4452448519270595,0.2,0.19896162832566336,0.04183774172474477,0.48037146921668383,0.023662803443143733,0.1619431664983102,0.06679727864344034,0.03967631923927033,0.8982906593068513,0.9000000000000001,0.0017165951100483138,0.00623782367329326,0.021112364385783407,0.9991461496966828,0.9950783695210462,2021-03-19
