beta,gammaE,alpha,gamma,gamma2,gamma3,a1,a2,a3,eta,h,Hiding_init,c1,I_initial,metric1,metric2,r1,r2,reopen
0.9013291302960214,0.2000000958014617,0.4699734145929264,0.13147712831538233,0.04,0.06823114907215011,0.4959983575928194,0.010130089645728637,0.1267078123589672,0.36924876245310057,0.07142845125175878,0.6012527806677379,0.8200000000000001,0.0011019360107026913,0.004980408299283816,0.019137014768706936,0.9997118779983387,0.99158220461113,2021-03-17
