beta,gammaE,alpha,gamma,gamma2,gamma3,a1,a2,a3,eta,h,Hiding_init,c1,I_initial,metric1,metric2,r1,r2,reopen
4.622563801746625,0.20075364899606452,0.8010406267153808,0.08973027998643894,0.1101147660331445,0.19931981828874365,0.3922162466504701,0.022152086487453586,0.09306228494202935,0.1747660994074285,0.03333333333333333,0.46180172474666425,0.8600000000000001,0.0005922149994264612,0.008679512713786348,0.015574252570249646,0.9995582209461308,0.9974687591855085,2021-03-27
