beta,gammaE,alpha,gamma,gamma2,gamma3,a1,a2,a3,eta,h,Hiding_init,c1,I_initial,metric1,metric2,r1,r2,reopen
1.255191394122207,0.2,0.8999096800555575,0.04001913593196064,0.040008600387376386,0.04,0.1554053032585094,0.00429952097332481,0.042473219841257716,0.2655715720293206,0.07142857142857142,0.8959487629087185,0.9000000000000001,0.0004300382579526042,0.006097443175209531,0.029571517315153784,0.998229602494122,0.9837841661141262,2021-03-17
