beta,gammaE,alpha,gamma,gamma2,gamma3,a1,a2,a3,eta,h,Hiding_init,c1,I_initial,metric1,metric2,r1,r2,reopen
8.673252478006809,0.29999999996229215,0.9,0.09824136156977326,0.04,0.040079373959026776,0.49958970144559045,0.007647239353345961,0.02671096434155229,0.0674218399172557,0.0714279275642648,0.6373440280596473,0.8400000000000001,1.6072820989594346e-05,0.005606476455273281,0.011503824846130405,0.9998141591772124,0.9984959719891667,2021-03-23
