beta,gammaE,alpha,gamma,gamma2,gamma3,a1,a2,a3,eta,h,Hiding_init,c1,I_initial,metric1,metric2,r1,r2,reopen
1.332055990655482,0.2,0.8299794450958117,0.14712834304565828,0.19999441026837134,0.04,0.4101860055414216,0.02698055843810894,0.04661177464424126,0.2998695870772967,0.03335010876823461,0.8999641827079728,0.9500000000000002,0.0009842220914144779,0.004596343269464558,0.017543164758985035,0.9992896528762921,0.9951607076034535,2021-03-21
