beta,gammaE,alpha,gamma,gamma2,gamma3,a1,a2,a3,eta,h,Hiding_init,c1,I_initial,metric1,metric2,r1,r2,reopen
2.6586307867156846,0.2,0.8721791169264241,0.14774923342164661,0.11076796687409513,0.04993344640471405,0.3938556409965393,0.010407251250369553,0.07190809569032114,0.28372514201610427,0.04204978354348656,0.7573892057712873,0.9000000000000001,0.0012280491599123788,0.006107624957398117,0.009895439354026841,0.999795503013642,0.9997399918776081,2021-03-16
