beta,gammaE,alpha,gamma,gamma2,gamma3,a1,a2,a3,eta,h,Hiding_init,c1,I_initial,metric1,metric2,r1,r2,reopen
22.305744957349507,0.2015142452268155,0.6880268186323527,0.06183526352221452,0.08610013747873835,0.17329945255156534,0.4940796813833682,0.011821657933368892,0.018725098935553505,0.04118488552534334,0.0363701822556328,0.6109386644441551,0.8,0.0001282466060223309,0.0061931071414441175,0.010640328979038199,0.9997178512527398,0.9996366811106413,2021-03-26
