beta,gammaE,alpha,gamma,gamma2,gamma3,a1,a2,a3,eta,h,Hiding_init,c1,I_initial,metric1,metric2,r1,r2,reopen
1.3006728920466484,0.22023961173451162,0.8703504235460251,0.04,0.04049819481735432,0.11725845673917637,0.4427947327576647,0.002547257996193458,0.1151455863957856,0.34083445831600295,0.07142857142857142,0.8072096102046754,0.9200000000000002,0.0012163186689088318,0.002936471291551951,0.0036307323507770717,0.9998894580747485,0.9987415945165297,2021-03-15
